date,cases,deaths,recovered
2020-01-22,0,0,0
2020-01-23,0,0,0
2020-01-24,0,0,0
2020-01-25,0,0,0
2020-01-26,0,0,0
2020-01-27,0,0,0
2020-01-28,0,0,0
2020-01-29,0,0,0
2020-01-30,0,0,0
2020-01-31,0,0,0
2020-02-01,0,0,0
2020-02-02,0,0,0
2020-02-03,0,0,0
2020-02-04,0,0,0
2020-02-05,0,0,0
2020-02-06,0,0,0
2020-02-07,0,0,0
2020-02-08,0,0,0
2020-02-09,0,0,0
2020-02-10,0,0,0
2020-02-11,0,0,0
2020-02-12,0,0,0
2020-02-13,0,0,0
2020-02-14,0,0,0
2020-02-15,0,0,0
2020-02-16,0,0,0
2020-02-17,0,0,0
2020-02-18,0,0,0
2020-02-19,0,0,0
2020-02-20,0,0,0
2020-02-21,0,0,0
2020-02-22,0,0,0
2020-02-23,0,0,0
2020-02-24,0,0,0
2020-02-25,0,0,0
2020-02-26,0,0,0
2020-02-27,0,0,0
2020-02-28,0,0,0
2020-02-29,0,0,0
2020-03-01,0,0,0
2020-03-02,2,0,0
2020-03-03,2,0,0
2020-03-04,2,0,0
2020-03-05,2,0,0
2020-03-06,4,0,0
2020-03-07,4,0,0
2020-03-08,6,0,0
2020-03-09,19,0,0
2020-03-10,27,0,2
2020-03-11,34,1,2
2020-03-12,34,1,2
2020-03-13,69,4,2
2020-03-14,96,5,8
2020-03-15,117,5,8
2020-03-16,134,5,8
2020-03-17,172,5,8
2020-03-18,227,19,11
2020-03-19,311,25,11
2020-03-20,369,32,15
2020-03-21,450,38,15
2020-03-22,514,48,29
2020-03-23,579,49,29
2020-03-24,686,55,30
2020-03-25,790,58,31
2020-03-26,893,78,35
2020-03-27,1046,87,46
2020-03-28,1155,102,59
2020-03-29,1285,114,64
2020-03-30,1414,122,75
2020-03-31,1528,136,81
2020-04-01,1677,157,103
2020-04-02,1790,170,112
2020-04-03,1986,181,134
2020-04-04,2092,191,150
2020-04-05,2273,198,164
2020-04-06,2491,209,192
2020-04-07,2738,221,204
2020-04-08,2956,240,222
2020-04-09,3293,280,252
2020-04-10,3512,306,282
2020-04-11,3842,327,286
2020-04-12,4241,373,359
2020-04-13,4557,399,380
2020-04-14,4839,459,426
2020-04-15,5136,469,446
2020-04-16,5516,496,548
2020-04-17,5923,520,607
2020-04-18,6248,535,631
2020-04-19,6575,582,686
2020-04-20,6760,590,747
2020-04-21,7135,616,842
2020-04-22,7418,635,913
2020-04-23,7775,647,960
2020-04-24,8211,689,1002
2020-04-25,8607,720,1042
2020-04-26,8882,743,1107
2020-04-27,9096,765,1151
2020-04-28,9511,773,1254
2020-04-29,9771,784,1391
2020-04-30,10118,792,1522
2020-05-01,10551,800,1591
2020-05-02,10843,831,1665
2020-05-03,11192,845,1876
2020-05-04,11587,864,1954
2020-05-05,12071,872,2197
2020-05-06,12438,895,2317
2020-05-07,12776,930,2381
2020-05-08,13112,943,2494
2020-05-09,13645,959,2607
2020-05-10,14032,973,2698
2020-05-11,14265,991,2881
2020-05-12,14749,1007,3063
2020-05-13,15438,1028,3287
2020-05-14,16006,1043,3518
2020-05-15,16496,1076,3803
2020-05-16,17025,1089,3911
2020-05-17,17514,1148,4129
2020-05-18,18010,1191,4324
2020-05-19,18496,1221,4467
2020-05-20,19189,1242,4575
2020-05-21,20162,1278,4838
2020-05-22,20796,1326,5057
2020-05-23,21745,1351,5249
2020-05-24,22271,1372,5402
2020-05-25,22750,1391,5642
2020-05-26,23165,1418,5877
2020-05-27,23851,1473,6057
2020-05-28,24538,1496,6240
2020-05-29,25216,1520,6492
2020-05-30,25773,1573,7015
2020-05-31,26473,1613,7308
2020-06-01,26940,1641,7637
2020-06-02,27549,1663,7935
2020-06-03,28233,1698,8406
2020-06-04,28818,1721,8892
2020-06-05,29521,1770,9443
2020-06-06,30514,1801,9907
2020-06-07,31186,1851,10498
2020-06-08,32033,1883,10904
2020-06-09,33076,1923,11414
2020-06-10,34316,1959,12129
2020-06-11,35295,2000,12636
2020-06-12,36406,2048,13213
2020-06-13,37420,2091,13776
2020-06-14,38277,2134,14531
2020-06-15,39294,2198,15123
2020-06-16,40400,2231,15703
2020-06-17,41431,2276,16243
2020-06-18,42762,2339,16798
2020-06-19,43803,2373,17349
2020-06-20,45029,2429,17883
2020-06-21,45891,2465,18404
2020-06-22,46845,2500,18735
2020-06-23,47896,2535,19241
2020-06-24,49009,2573,19658
2020-06-25,50187,2620,20449
2020-06-26,51427,2683,21333
2020-06-27,52812,2720,21909
2020-06-28,54010,2754,22936
2020-06-29,55092,2805,23800
2020-06-30,56385,2876,24806
2020-07-01,57770,2934,25595
2020-07-02,59394,2987,26667
2020-07-03,60695,3036,27568
2020-07-04,62142,3089,28219
2020-07-05,63749,3171,29105
2020-07-06,64958,3241,29919
2020-07-07,66226,3309,30785
2020-07-08,68079,3359,31585
2020-07-09,70736,3417,32651
2020-07-10,72347,3469,33529
2020-07-11,74018,3535,34719
2020-07-12,75699,3606,35638
2020-07-13,76981,3656,36689
2020-07-14,78572,3710,37636
2020-07-15,80094,3797,39050
2020-07-16,81668,3873,40345
2020-07-17,83130,3957,41834
2020-07-18,84882,4016,43268
2020-07-19,86521,4143,45401
2020-07-20,88214,4239,46977
2020-07-21,89869,4320,48466
2020-07-22,91751,4459,50255
2020-07-23,93657,4576,52164
2020-07-24,95418,4665,53945
2020-07-25,97286,4714,55354
2020-07-26,98778,4781,56655
2020-07-27,100303,4838,58173
2020-07-28,102051,4901,60539
2020-07-29,104432,4975,62138
2020-07-30,106336,5058,64292
2020-07-31,108376,5131,65907
2020-08-01,109936,5193,67919
2020-08-02,111455,5236,68975
2020-08-03,113134,5302,70237
2020-08-04,115056,5388,72050
2020-08-05,116871,5452,73889
2020-08-06,118753,5521,75645
2020-08-07,121226,5593,77557
2020-08-08,123503,5658,79306
2020-08-09,125396,5723,80952
2020-08-10,127083,5765,82236
2020-08-11,128776,5824,83710
2020-08-12,130718,5903,85798
2020-08-13,132816,5968,87558
2020-08-14,135123,6021,89618
2020-08-15,137468,6071,91321
2020-08-16,139549,6150,93103
2020-08-17,141370,6207,94458
2020-08-18,143043,6277,96306
2020-08-19,144945,6346,98657
2020-08-20,147211,6418,100674
2020-08-21,149408,6500,102991
2020-08-22,151498,6594,105198
2020-08-23,153535,6680,107500
2020-08-24,155412,6759,111060
2020-08-25,157859,6858,112867
2020-08-26,160165,6944,115409
2020-08-27,162884,7064,118575
2020-08-28,165887,7169,120900
2020-08-29,169195,7261,122802
2020-08-30,172053,7343,124185
2020-08-31,174796,7417,125959
2020-09-01,177571,7505,128057
2020-09-02,180646,7616,129971
2020-09-03,184268,7750,132055
2020-09-04,187537,7832,134181
2020-09-05,190665,7940,136401
2020-09-06,194109,8025,138575
2020-09-07,196989,8130,140652
2020-09-08,200035,8230,142958
2020-09-09,203342,8336,145200
2020-09-10,207203,8456,147510
2020-09-11,210940,8544,150217
2020-09-12,214746,8650,152458
2020-09-13,218382,8723,155010
2020-09-14,221523,8841,158405
2020-09-15,225030,8965,161065
2020-09-16,228993,9100,164101
2020-09-17,232628,9222,166686
2020-09-18,236519,9336,170774
2020-09-19,240687,9448,174350
2020-09-20,244676,9553,177327
2020-09-21,248852,9677,180797
2020-09-22,252923,9837,184298
2020-09-23,257388,9977,187958
2020-09-24,262022,10105,191853
2020-09-25,266845,10218,196196
2020-09-26,271339,10308,199403
2020-09-27,275213,10386,203014
2020-09-28,278722,10473,206870
2020-09-29,282724,10601,210437
2020-09-30,287008,10740,214947
2020-10-01,291182,10856,218487
2020-10-02,295499,10972,221340
2020-10-03,299506,11055,225052
2020-10-04,303498,11151,228453
2020-10-05,307120,11253,232593
2020-10-06,311176,11374,236437
2020-10-07,315714,11472,240291
2020-10-08,320564,11580,244060
2020-10-09,324658,11677,247667
2020-10-10,328952,11765,251481
2020-10-11,333449,11844,255027
2020-10-12,336716,11935,258519
2020-10-13,340622,12027,263296
2020-10-14,344749,12156,267851
2020-10-15,349160,12268,273661
2020-10-16,353461,12347,277544
2020-10-17,357762,12431,281592
2020-10-18,361867,12511,285324
2020-10-19,365240,12617,289243
2020-10-20,368842,12734,293653
2020-10-21,373109,12857,297509
2020-10-22,377541,12959,301006
2020-10-23,381910,13077,305100
2020-10-24,385980,13205,309219
2020-10-25,389712,13299,313764
2020-10-26,392934,13411,317672
2020-10-27,396454,13512,322248
2020-10-28,400483,13612,325793
2020-10-29,404048,13701,329778
2020-10-30,406945,13782,334295
2020-10-31,410088,13869,337801
2020-11-01,412784,13943,341942
2020-11-02,415402,14044,345566
2020-11-03,418375,14146,349497
2020-11-04,421731,14259,353282
2020-11-05,425796,14348,357142
2020-11-06,429574,14442,360705
2020-11-07,433836,14540,364417
2020-11-08,437716,14614,368298
2020-11-09,440569,14689,372266
2020-11-10,444348,14761,375741
2020-11-11,448118,14836,378982
2020-11-12,452291,14933,382084
2020-11-13,457735,15037,385094
2020-11-14,463007,15148,388094
2020-11-15,467113,15211,391991
2020-11-16,470648,15296,395443
2020-11-17,474455,15393,398636
2020-11-18,478720,15503,402347
2020-11-19,483518,15600,406612
2020-11-20,488310,15678,410552
2020-11-21,493308,15774,413955
2020-11-22,497668,15884,418188
2020-11-23,502110,16002,422386
2020-11-24,506302,16111,425313
2020-11-25,511836,16225,429807
2020-11-26,516753,16352,433649
2020-11-27,522581,16521,437456
2020-11-28,527999,16646,441983
2020-11-29,534266,16815,445793
2020-11-30,538883,16945,450518
2020-12-01,543975,17081,454879
2020-12-02,549508,17199,458880
2020-12-03,557877,17355,462553
2020-12-04,563680,17479,466178
2020-12-05,569707,17589,470449
2020-12-06,575796,17740,474771
2020-12-07,581550,17867,479202
2020-12-08,586842,18000,483497
2020-12-09,592900,18171,487445
2020-12-10,598933,18336,491975
2020-12-11,605243,18511,496886
2020-12-12,611631,18653,501376
2020-12-13,617820,18819,505836
2020-12-14,623309,18956,510957
2020-12-15,629429,19111,516656
2020-12-16,636154,19248,521984
2020-12-17,643508,19390,526979
2020-12-18,650197,19514,531995
2020-12-19,657948,19659,536260
2020-12-20,664930,19880,541811
2020-12-21,671778,20085,546884
2020-12-22,678125,20257,552722
2020-12-23,685639,20408,558703
2020-12-24,692838,20589,563980
2020-12-25,700097,20847,570304
2020-12-26,706837,20994,576693
2020-12-27,713365,21237,583676
2020-12-28,719219,21452,589978
2020-12-29,727122,21703,596783
2020-12-30,735124,21944,603741
2020-12-31,743198,22138,611097
2021-01-01,751270,22329,617936
2021-01-02,758473,22555,625518
2021-01-03,765350,22734,631937
2021-01-04,772103,22911,639103
2021-01-05,779548,23109,645746
2021-01-06,788402,23296,652513
2021-01-07,797723,23520,659437
2021-01-08,808340,23753,666883
2021-01-09,818386,23947,673511
2021-01-10,828026,24129,681024
2021-01-11,836718,24343,688739
2021-01-12,846765,24645,695807
2021-01-13,858043,24951,703464
2021-01-14,869600,25246,711205
2021-01-15,882418,25484,718696
2021-01-16,896642,25767,727358
2021-01-17,907929,25987,736460
2021-01-18,917015,26282,745935
2021-01-19,927380,26590,753948
2021-01-20,939948,26857,763703
2021-01-21,951651,27203,772790
2021-01-22,965283,27453,781147
2021-01-23,977474,27664,791059
2021-01-24,989262,27835,798810
2021-01-25,999256,28132,809488
2021-01-26,1012350,28468,820356
2021-01-27,1024298,28855,831330
2021-01-28,1037993,29331,842122
2021-01-29,1051795,29518,852260
2021-01-30,1066313,29728,862502
2021-01-31,1078314,29998,873221
2021-02-01,1089308,30277,883682
2021-02-02,1099687,30581,896530
2021-02-03,1111671,30770,905665
2021-02-04,1123105,31001,917306
2021-02-05,1134854,31202,926980
2021-02-06,1147010,31393,939184
2021-02-07,1157837,31556,949990
2021-02-08,1166079,31763,963028
2021-02-09,1174779,31976,973452
2021-02-10,1183555,32167,982972
2021-02-11,1191990,32381,993117
2021-02-12,1201859,32656,1004117
2021-02-13,1210703,32936,1016036
2021-02-14,1217468,33183,1025273
2021-02-15,1223930,33367,1032065
2021-02-16,1233959,33596,1039674
2021-02-17,1243646,33788,1047676
2021-02-18,1252685,33969,1058222
2021-02-19,1263299,34152,1069005
2021-02-20,1271353,34316,1078840
2021-02-21,1278653,34489,1087076
2021-02-22,1288833,34691,1096994
2021-02-23,1298608,35014,1104990
2021-02-24,1306141,35254,1112725
2021-02-25,1314634,35518,1121411
2021-02-26,1322866,35786,1128672
2021-02-27,1329074,35981,1136054
2021-02-28,1334634,36166,1142703
2021-03-01,1341314,36325,1151915
2021-03-02,1347026,36518,1160863
2021-03-03,1353834,36721,1169916
2021-03-04,1361098,36897,1176356
2021-03-05,1368069,37026,1182687
2021-03-06,1373836,37154,1189510
2021-03-07,1379662,37266,1194656
2021-03-08,1386556,37547,1203381
2021-03-09,1392945,37757,1210877
2021-03-10,1398578,37932,1216433
2021-03-11,1403722,38049,1224603
2021-03-12,1410134,38229,1231454
2021-03-13,1414741,38329,1237470
2021-03-14,1419455,38426,1243117
2021-03-15,1425044,38573,1249947
2021-03-16,1430458,38753,1257663
2021-03-17,1437283,38915,1266673
2021-03-18,1443853,39142,1272958
2021-03-19,1450132,39339,1278965
2021-03-20,1455788,39447,1284725
2021-03-21,1460184,39550,1290790
2021-03-22,1465928,39711,1297967
2021-03-23,1471225,39865,1304921
2021-03-24,1476452,39983,1312543
2021-03-25,1482559,40081,1317199
2021-03-26,1487541,40166,1322878
2021-03-27,1492002,40364,1327121
2021-03-28,1496085,40449,1331400
2021-03-29,1501093,40581,1336818
2021-03-30,1505775,40754,1342695
2021-03-31,1511712,40858,1348330
2021-04-01,1517854,41054,1355578
2021-04-02,1523179,41151,1361017
2021-04-03,1527524,41242,1366214
2021-04-04,1534255,41669,1375877
2021-04-05,1537967,41815,1381677
2021-04-06,1542516,41977,1385973
2021-04-07,1547376,42064,1391742
2021-04-08,1552880,42227,1399382
2021-04-09,1558145,42348,1405659
2021-04-10,1562868,42443,1409288
2021-04-11,1566995,42530,1414507
2021-04-12,1571824,42656,1419796
2021-04-13,1577526,42782,1426145
2021-04-14,1583182,42906,1431892
2021-04-15,1589359,43073,1438254
2021-04-16,1594722,43196,1444229
2021-04-17,1599763,43328,1450192
2021-04-18,1604348,43424,1455065
2021-04-19,1609300,43567,1461414
2021-04-20,1614849,43777,1468142
2021-04-21,1620569,44007,1475456
2021-04-22,1626812,44172,1481449
2021-04-23,1632248,44346,1487369
2021-04-24,1636792,44500,1492322
2021-04-25,1641194,44594,1496126
2021-04-26,1647138,44771,1501715
2021-04-27,1651794,44939,1506599
2021-04-28,1657035,45116,1511417
2021-04-29,1662868,45334,1517432
2021-04-30,1668368,45521,1522634
2021-05-01,1672880,45652,1526978
2021-05-02,1677274,45796,1530718
2021-05-03,1682004,45949,1535491
2021-05-04,1686373,46137,1541149
2021-05-05,1691658,46349,1547092
2021-05-06,1697305,46496,1552532
2021-05-07,1703632,46663,1558423
2021-05-08,1709762,46842,1563917
2021-05-09,1713684,47012,1568277
2021-05-10,1718575,47218,1574615
2021-05-11,1723596,47465,1580207
2021-05-12,1728204,47617,1584878
2021-05-13,1731652,47716,1589079
2021-05-14,1734285,47823,1592886
2021-05-15,1736670,47967,1597067
2021-05-16,1739750,48093,1600857
2021-05-17,1744045,48305,1606611
2021-05-18,1748230,48477,1612239
2021-05-19,1753101,48669,1616603
2021-05-20,1758898,48887,1621572
2021-05-21,1764644,49073,1626142
2021-05-22,1769940,49205,1629495
2021-05-23,1775220,49328,1633045
2021-05-24,1781127,49455,1638279
2021-05-25,1786187,49627,1642074
2021-05-26,1791221,49771,1645263
2021-05-27,1797499,49907,1649187
2021-05-28,1803361,50100,1654557
2021-05-29,1809926,50262,1659974
2021-05-30,1816041,50404,1663998
2021-05-31,1821703,50578,1669119
2021-06-01,1826527,50723,1674479
2021-06-02,1831773,50908,1680501
2021-06-03,1837126,51095,1691593
2021-06-04,1843612,51296,1697543
2021-06-05,1850206,51449,1701784
2021-06-06,1856038,51612,1705971
2021-06-07,1863031,51803,1711565
2021-06-08,1869325,51992,1717370
2021-06-09,1877050,52162,1723253
2021-06-10,1885942,52373,1728914
2021-06-11,1894025,52566,1735144
2021-06-12,1901490,52730,1740436
2021-06-13,1911358,52879,1745091
2021-06-14,1919547,53116,1751234
2021-06-15,1927708,53280,1757641
2021-06-16,1937652,53476,1763870
2021-06-17,1950276,53753,1771220
2021-06-18,1963266,54043,1779127
2021-06-19,1976172,54291,1786143
2021-06-20,1989909,54662,1792528
2021-06-21,2004445,54956,1801761
2021-06-22,2018113,55291,1810136
2021-06-23,2033421,55594,1817303
2021-06-24,2053995,55949,1826504
2021-06-25,2072867,56371,1835061
2021-06-26,2093962,56729,1842457
2021-06-27,2115304,57138,1850481
2021-06-28,2135998,57561,1859961
2021-06-29,2156465,58024,1869606
2021-06-30,2178272,58491,1880413
2021-07-01,2203108,58995,1890287
2021-07-02,2228938,59534,1901865
2021-07-03,2256851,60027,1915147
2021-07-04,2284084,60582,1928274
2021-07-05,2313829,61140,1942690
2021-07-06,2345018,61868,1958553
2021-07-07,2379397,62908,1973388
2021-07-08,2417788,63760,1994573
2021-07-09,2455912,64631,2023548
2021-07-10,2491006,65457,2052109
2021-07-11,2527203,66464,2084724
2021-07-12,2567630,67355,2119478
2021-07-13,2615529,68219,2139601
2021-07-14,2670046,69210,2157363
2021-07-15,2726803,70192,2176412
2021-07-16,2780803,71397,2204491
2021-07-17,2832755,72489,2232394
2021-07-18,2877476,73582,2261658
2021-07-19,2911733,74920,2293875
2021-07-20,2950058,76200,2323666
2021-07-21,2983830,77583,2356553
2021-07-22,3033339,79032,2392923
2021-07-23,3082410,80598,2431911
2021-07-24,3127826,82013,2471678
2021-07-25,3166505,83279,2509318
2021-07-26,3194733,84766,2549692
2021-07-27,3239936,86835,2596820
2021-07-28,3287727,88659,2640676
2021-07-29,3331206,90552,2686170
2021-07-30,3372374,92311,2730720
2021-07-31,3409658,94119,2770092
2021-08-01,3440396,95723,2809538
2021-08-02,3462800,97291,2842345
2021-08-03,3496700,98889,2873669
2021-08-04,3532567,100636,2907920
2021-08-05,3568331,102375,0
2021-08-06,3607863,104010,0
2021-08-07,3639616,105598,0
2021-08-08,3666031,107096,0
2021-08-09,3686740,108571,0
2021-08-10,3718821,110619,0
2021-08-11,3749446,112198,0
2021-08-12,3774155,113664,0
2021-08-13,3804943,115096,0
2021-08-14,3833541,116366,0
2021-08-15,3854354,117588,0
2021-08-16,3871738,118833,0
2021-08-17,3892479,120013,0
2021-08-18,3908247,121141,0
2021-08-19,3930300,122633,0
2021-08-20,3950304,123981,0
2021-08-21,3967048,125342,0
2021-08-22,3979456,126372,0
2021-08-23,3989060,127214,0
2021-08-24,4008166,128252,0
2021-08-25,4026837,129293,0
2021-08-26,4043736,130182,0
2021-08-27,4056354,130781,0
2021-08-28,4066404,131372,0
2021-08-29,4073831,131923,0
2021-08-30,4079267,132491,0
2021-08-31,4089801,133023,0
2021-09-01,4100138,133676,0
2021-09-02,4100138,133676,0
2021-09-03,4116890,134930,0
2021-09-04,4123617,135469,0
2021-09-05,4129020,135861,0
2021-09-06,4133433,136473,0
2021-09-07,4140634,137156,0
2021-09-08,4147365,137782,0
2021-09-09,4153355,138116,0
2021-09-10,4158731,138431,0
2021-09-11,4163732,138701,0
2021-09-12,4167511,138889,0
2021-09-13,4170088,139165,0
2021-09-14,4174216,139415,0
2021-09-15,4178164,139682,0
2021-09-16,4181309,139919,0
2021-09-17,4185144,140138,0
2021-09-18,4188529,140323,0
2021-09-19,4190763,140468,0
2021-09-20,4192695,140634,0
2021-09-21,4195958,140805,0
2021-09-22,4198678,140954,0
2021-09-23,4201559,141114,0
2021-09-24,4204116,141258,0
2021-09-25,4206253,141381,0
2021-09-26,4208013,141467,0
2021-09-27,4209403,141585,0
2021-09-28,4211460,141709,0
2021-09-29,4213414,141826,0
2021-09-30,4215104,141939,0
2021-10-01,4216728,142026,0
2021-10-02,4218142,142115,0
2021-10-03,4219284,142173,0
2021-10-04,4220206,142261,0
2021-10-05,4221610,142338,0
2021-10-06,4223094,142413,0
2021-10-07,4224487,142494,0
2021-10-08,4225871,142560,0
2021-10-09,4227038,142612,0
2021-10-10,4227932,142651,0
2021-10-11,4228552,142716,0
2021-10-12,4229813,142763,0
2021-10-13,4231046,142811,0
2021-10-14,4232099,142848,0
2021-10-15,4233014,142889,0
2021-10-16,4234011,142933,0
2021-10-17,4234758,142952,0
2021-10-18,4235384,142999,0
2021-10-19,4236287,143049,0
2021-10-20,4237201,143077,0
2021-10-21,4237834,143120,0
2021-10-22,4238594,143153,0
2021-10-23,4239396,143176,0
2021-10-24,4240019,143205,0
2021-10-25,4240479,143235,0
2021-10-26,4241090,143270,0
2021-10-27,4241809,143299,0
2021-10-28,4242532,143333,0
2021-10-29,4243215,143361,0
2021-10-30,4243835,143388,0
2021-10-31,4244358,143405,0
2021-11-01,4244761,143423,0
2021-11-02,4245373,143457,0
2021-11-03,4246174,143481,0
2021-11-04,4246802,143500,0
2021-11-05,4247320,143519,0
2021-11-06,4247721,143534,0
2021-11-07,4248165,143545,0
2021-11-08,4248409,143557,0
2021-11-09,4248843,143578,0
2021-11-10,4249323,143592,0
2021-11-11,4249758,143608,0
2021-11-12,4250157,143628,0
2021-11-13,4250516,143644,0
2021-11-14,4250855,143659,0
2021-11-15,4251076,143670,0
2021-11-16,4251423,143685,0
2021-11-17,4251945,143698,0
2021-11-18,4252345,143709,0
2021-11-19,4252705,143714,0
2021-11-20,4253098,143728,0
2021-11-21,4253412,143739,0
2021-11-22,4253598,143744,0
2021-11-23,4253992,143753,0
2021-11-24,4254443,143766,0
2021-11-25,4254815,143782,0
2021-11-26,4255268,143796,0
2021-11-27,4255672,143807,0
2021-11-28,4255936,143808,0
2021-11-29,4256112,143819,0
2021-11-30,4256409,143830,0
2021-12-01,4256687,143840,0
2021-12-02,4256998,143850,0
2021-12-03,4257243,143858,0
2021-12-04,4257489,143863,0
2021-12-05,4257685,143867,0
2021-12-06,4257815,143876,0
2021-12-07,4258076,143893,0
2021-12-08,4258340,143909,0
2021-12-09,4258560,143918,0
2021-12-10,4258752,143923,0
2021-12-11,4258980,143929,0
2021-12-12,4259143,143936,0
2021-12-13,4259249,143948,0
2021-12-14,4259439,143960,0
2021-12-15,4259644,143969,0
2021-12-16,4259857,143979,0
2021-12-17,4260148,143986,0
2021-12-18,4260380,143998,0
2021-12-19,4260544,144002,0
2021-12-20,4260677,144013,0
2021-12-21,4260893,144024,0
2021-12-22,4261072,144034,0
2021-12-23,4261208,144042,0
2021-12-24,4261412,144047,0
2021-12-25,4261667,144053,0
2021-12-26,4261667,144053,0
2021-12-27,4261879,144063,0
2021-12-28,4262157,144071,0
2021-12-29,4262351,144081,0
2021-12-30,4262540,144088,0
2021-12-31,4262720,144094,0
2022-01-01,4262994,144096,0
2022-01-02,4263168,144097,0
2022-01-03,4263433,144102,0
2022-01-04,4263732,144105,0
2022-01-05,4264136,144109,0
2022-01-06,4264669,144116,0
2022-01-07,4265187,144121,0
2022-01-08,4265666,144127,0
2022-01-09,4266195,144129,0
2022-01-10,4266649,144136,0
2022-01-11,4267451,144144,0
2022-01-12,4268097,144150,0
2022-01-13,4268890,144155,0
2022-01-14,4269740,144163,0
2022-01-15,4270794,144167,0
2022-01-16,4271649,144170,0
2022-01-17,4272421,144174,0
2022-01-18,4273783,144183,0
2022-01-19,4275528,144192,0
2022-01-20,4277644,144199,0
2022-01-21,4280248,144201,0
2022-01-22,4283453,144206,0
2022-01-23,4286378,144220,0
2022-01-24,4289305,144227,0
2022-01-25,4294183,144247,0
2022-01-26,4301193,144254,0
2022-01-27,4309270,144261,0
2022-01-28,4319175,144268,0
2022-01-29,4330763,144285,0
2022-01-30,4343185,144303,0
2022-01-31,4353370,144320,0
2022-02-01,4369391,144348,0
2022-02-02,4387286,144373,0
2022-02-03,4414483,144411,0
2022-02-04,4446694,144453,0
2022-02-05,4480423,144497,0
2022-02-06,4516480,144554,0
2022-02-07,4542601,144636,0
2022-02-08,4580093,144719,0
2022-02-09,4626936,144784,0
2022-02-10,4667554,144858,0
2022-02-11,4708043,144958,0
2022-02-12,4763252,145065,0
2022-02-13,4807778,145176,0
2022-02-14,4844279,145321,0
2022-02-15,4901328,145455,0
2022-02-16,4966046,145622,0
2022-02-17,5030002,145828,0
2022-02-18,5089637,146044,0
2022-02-19,5149021,146202,0
2022-02-20,5197505,146365,0
2022-02-21,5231923,146541,0
2022-02-22,5289414,146798,0
2022-02-23,5350902,147025,0
2022-02-24,5408328,147342,0
2022-02-25,5457775,147586,0
2022-02-26,5504418,147844,0
2022-02-27,5539394,148073,0
2022-02-28,5564448,148335,0
2022-03-01,5589176,148660,0
2022-03-02,5630096,149036,0
2022-03-03,5667355,149268,0
2022-03-04,5693702,149596,0
2022-03-05,5723858,149918,0
2022-03-06,5748725,150172,0
2022-03-07,5770105,150430,0
2022-03-08,5800253,150831,0
2022-03-09,5826589,151135,0
2022-03-10,5847900,151413,0
2022-03-11,5864010,151703,0
2022-03-12,5878910,151951,0
2022-03-13,5890495,152166,0
2022-03-14,5900124,152437,0
2022-03-15,5914532,152745,0
2022-03-16,5927550,152975,0
2022-03-17,5939082,153212,0
2022-03-18,5948610,153411,0
2022-03-19,5956561,153599,0
2022-03-20,5962483,153738,0
2022-03-21,5967182,153892,0
2022-03-22,5974646,154062,0
2022-03-23,5981022,154221,0
2022-03-24,5986830,154343,0
2022-03-25,5986830,154343,0
2022-03-26,5986830,154343,0
2022-03-27,5995876,154570,0
2022-03-28,6001751,154774,0
2022-03-29,6005646,154882,0
2022-03-30,6009486,155000,0
2022-03-31,6012818,155089,0
2022-04-01,6015748,155164,0
2022-04-02,6015748,155164,0
2022-04-03,6015748,155164,0
2022-04-04,6015748,155164,0
2022-04-05,6023924,155421,0
2022-04-06,6026324,155464,0
2022-04-07,6028413,155509,0
2022-04-08,6030168,155556,0
2022-04-09,6031636,155597,0
2022-04-10,6032707,155626,0
2022-04-11,6033903,155674,0
2022-04-12,6035358,155717,0
2022-04-13,6036909,155746,0
2022-04-14,6037742,155794,0
2022-04-15,6038664,155820,0
2022-04-16,6039266,155844,0
2022-04-17,6039873,155866,0
2022-04-18,6040432,155903,0
2022-04-19,6041269,155937,0
2022-04-20,6041269,155937,0
2022-04-21,6042595,156015,0
2022-04-22,6043246,156040,0
2022-04-23,6043768,156067,0
2022-04-24,6044150,156100,0
2022-04-25,6044467,156133,0
2022-04-26,6045043,156163,0
2022-04-27,6045660,156199,0
2022-04-28,6046072,156217,0
2022-04-29,6046467,156240,0
2022-04-30,6046796,156257,0
2022-05-01,6047040,156273,0
2022-05-02,6047208,156287,0
2022-05-03,6047315,156305,0
2022-05-04,6047491,156321,0
2022-05-05,6047741,156340,0
2022-05-06,6047986,156357,0
2022-05-07,6048204,156371,0
2022-05-08,6048431,156381,0
2022-05-09,6048685,156396,0
2022-05-10,6048685,156396,0
2022-05-11,6048685,156396,0
2022-05-12,6049876,156438,0
2022-05-13,6050211,156448,0
2022-05-14,6050519,156453,0
2022-05-15,6050776,156458,0
2022-05-16,6050958,156464,0
2022-05-17,6051205,156481,0
2022-05-18,6051532,156498,0
2022-05-19,6051850,156510,0
2022-05-20,6052100,156513,0
2022-05-21,6052363,156519,0
2022-05-22,6052590,156522,0
2022-05-23,6052764,156534,0
2022-05-24,6053109,156548,0
2022-05-25,6053424,156553,0
2022-05-26,6053670,156556,0
2022-05-27,6053894,156565,0
2022-05-28,6054173,156573,0
2022-05-29,6054415,156574,0
2022-05-30,6054633,156586,0
2022-05-31,6054973,156591,0
2022-06-01,6055341,156594,0
2022-06-02,6055645,156600,0
2022-06-03,6056017,156604,0
2022-06-04,6056412,156610,0
2022-06-05,6056800,156615,0
2022-06-06,6057142,156622,0
2022-06-07,6057660,156624,0
2022-06-08,6058180,156628,0
2022-06-09,6058736,156635,0
2022-06-10,6059363,156638,0
2022-06-11,6059937,156641,0
2022-06-12,6060488,156643,0
2022-06-13,6061079,156652,0
2022-06-14,6062009,156662,0
2022-06-15,6063251,156670,0
2022-06-16,6064424,156673,0
2022-06-17,6065644,156679,0
2022-06-18,6066908,156684,0
2022-06-19,6068075,156687,0
2022-06-20,6069255,156695,0
2022-06-21,6070933,156700,0
2022-06-22,6072918,156702,0
2022-06-23,6074825,156706,0
2022-06-24,6076894,156711,0
2022-06-25,6078725,156714,0
2022-06-26,6080451,156717,0
2022-06-27,6081896,156726,0
2022-06-28,6084063,156728,0
2022-06-29,6086212,156731,0
2022-06-30,6088460,156737,0
2022-07-01,6090509,156740,0
2022-07-02,6092303,156745,0
2022-07-03,6093917,156749,0
2022-07-04,6095351,156758,0
2022-07-05,6097928,156766,0
2022-07-06,6100671,156770,0
2022-07-07,6103552,156776,0
2022-07-08,6106024,156781,0
2022-07-09,6108729,156785,0
2022-07-10,6111305,156791,0
2022-07-11,6112986,156798,0
2022-07-12,6116347,156806,0
2022-07-13,6120169,156818,0
2022-07-14,6123753,156827,0
2022-07-15,6127084,156833,0
2022-07-16,6131413,156839,0
2022-07-17,6134953,156849,0
2022-07-18,6138346,156859,0
2022-07-19,6143431,156865,0
2022-07-20,6149084,156875,0
2022-07-21,6154494,156880,0
2022-07-22,6159328,156893,0
2022-07-23,6164271,156902,0
2022-07-24,6168342,156902,0
2022-07-25,6172390,156916,0
2022-07-26,6178873,156929,0
2022-07-27,6185311,156940,0
2022-07-28,6191664,156957,0
2022-07-29,6197495,156970,0
2022-07-30,6202893,156983,0
2022-07-31,6207098,156993,0
2022-08-01,6210794,157004,0
2022-08-02,6216621,157028,0
2022-08-03,6222788,157046,0
2022-08-04,6229315,157060,0
2022-08-05,6235244,157072,0
2022-08-06,6240699,157082,0
2022-08-07,6244978,157095,0
2022-08-08,6249403,157113,0
2022-08-09,6255679,157131,0
2022-08-10,6261605,157149,0
2022-08-11,6267137,157171,0
2022-08-12,6273228,157189,0
2022-08-13,6278332,157208,0
2022-08-14,6282774,157226,0
2022-08-15,6286362,157252,0
2022-08-16,6292231,157277,0
2022-08-17,6297484,157296,0
2022-08-18,6301523,157317,0
2022-08-19,6306686,157343,0
2022-08-20,6311608,157365,0
2022-08-21,6315557,157377,0
2022-08-22,6318857,157396,0
2022-08-23,6323715,157420,0
2022-08-24,6329143,157438,0
2022-08-25,6334357,157457,0
2022-08-26,6338906,157478,0
2022-08-27,6343076,157493,0
2022-08-28,6346304,157500,0
2022-08-29,6349175,157521,0
2022-08-30,6354245,157541,0
2022-08-31,6358808,157566,0
2022-09-01,6362902,157591,0
2022-09-02,6366518,157608,0
2022-09-03,6369778,157631,0
2022-09-04,6372542,157647,0
2022-09-05,6374882,157668,0
2022-09-06,6378489,157696,0
2022-09-07,6382002,157717,0
2022-09-08,6385140,157729,0
2022-09-09,6387944,157741,0
2022-09-10,6390553,157757,0
2022-09-11,6392492,157770,0
2022-09-12,6394340,157787,0
2022-09-13,6397236,157807,0
2022-09-14,6400035,157828,0
2022-09-15,6402686,157849,0
2022-09-16,6405044,157876,0
2022-09-17,6407123,157884,0
2022-09-18,6408806,157892,0
2022-09-19,6410426,157915,0
2022-09-20,6412944,157930,0
2022-09-21,6415328,157948,0
2022-09-22,6417490,157966,0
2022-09-23,6419394,157986,0
2022-09-24,6421118,157998,0
2022-09-25,6422529,158014,0
2022-09-26,6423873,158036,0
2022-09-27,6425849,158057,0
2022-09-28,6427764,158076,0
2022-09-29,6429767,158093,0
2022-09-30,6431624,158112,0
2022-10-01,6433263,158122,0
2022-10-02,6434585,158132,0
2022-10-03,6435719,158143,0
2022-10-04,6437750,158156,0
2022-10-05,6439292,158165,0
2022-10-06,6441123,158177,0
2022-10-07,6442624,158192,0
2022-10-08,6443949,158198,0
2022-10-09,6444948,158205,0
2022-10-10,6446143,158219,0
2022-10-11,6448220,158235,0
2022-10-12,6450248,158249,0
2022-10-13,6452078,158263,0
2022-10-14,6453864,158281,0
2022-10-15,6455542,158301,0
2022-10-16,6456868,158313,0
2022-10-17,6458101,158327,0
2022-10-18,6460265,158345,0
2022-10-19,6462655,158361,0
2022-10-20,6464962,158380,0
2022-10-21,6467189,158398,0
2022-10-22,6469276,158416,0
2022-10-23,6470961,158429,0
2022-10-24,6472664,158454,0
2022-10-25,6475672,158475,0
2022-10-26,6478720,158499,0
2022-10-27,6481749,158522,0
2022-10-28,6484764,158544,0
2022-10-29,6487905,158571,0
2022-10-30,6490622,158597,0
2022-10-31,6493079,158631,0
2022-11-01,6497786,158663,0
2022-11-02,6502659,158695,0
2022-11-03,6507610,158737,0
2022-11-04,6512913,158768,0
2022-11-05,6517630,158807,0
2022-11-06,6521292,158829,0
2022-11-07,6525120,158871,0
2022-11-08,6531721,158909,0
2022-11-09,6537907,158952,0
2022-11-10,6544201,158989,0
2022-11-11,6550448,159035,0
2022-11-12,6556627,159068,0
2022-11-13,6561504,159104,0
2022-11-14,6565912,159158,0
2022-11-15,6573805,159199,0
2022-11-16,6582291,159253,0
2022-11-17,6590113,159291,0
2022-11-18,6596812,159323,0
2022-11-19,6603195,159348,0
2022-11-20,6608367,159379,0
2022-11-21,6612673,159422,0
2022-11-22,6620317,159473,0
2022-11-23,6627538,159524,0
2022-11-24,6634648,159565,0
2022-11-25,6640624,159600,0
2022-11-26,6646093,159641,0
2022-11-27,6650244,159676,0
2022-11-28,6653469,159735,0
2022-11-29,6659235,159789,0
2022-11-30,6664844,159830,0
2022-12-01,6669821,159884,0
2022-12-02,6674000,159921,0
2022-12-03,6677655,159953,0
2022-12-04,6680203,159978,0
2022-12-05,6682437,160026,0
2022-12-06,6686181,160071,0
2022-12-07,6689532,160112,0
2022-12-08,6692509,160139,0
2022-12-09,6695010,160175,0
2022-12-10,6697201,160198,0
2022-12-11,6698790,160224,0
2022-12-12,6700015,160255,0
2022-12-13,6702132,160287,0
2022-12-14,6704268,160311,0
2022-12-15,6706053,160335,0
2022-12-16,6707504,160362,0
2022-12-17,6708737,160384,0
2022-12-18,6709597,160398,0
2022-12-19,6710406,160424,0
2022-12-20,6711703,160451,0
2022-12-21,6712826,160466,0
2022-12-22,6713879,160488,0
2022-12-23,6714802,160507,0
2022-12-24,6715586,160524,0
2022-12-25,6716124,160537,0
2022-12-26,6716592,160551,0
2022-12-27,6717395,160560,0
2022-12-28,6718090,160574,0
2022-12-29,6718775,160583,0
2022-12-30,6719327,160593,0
2022-12-31,6719815,160612,0
2023-01-01,6720181,160619,0
2023-01-02,6720443,160635,0
2023-01-03,6721095,160648,0
2023-01-04,6721692,160657,0
2023-01-05,6722227,160665,0
2023-01-06,6722746,160673,0
2023-01-07,6723201,160679,0
2023-01-08,6723546,160683,0
2023-01-09,6723812,160694,0
2023-01-10,6724281,160697,0
2023-01-11,6724683,160705,0
2023-01-12,6725095,160711,0
2023-01-13,6725458,160719,0
2023-01-14,6725847,160724,0
2023-01-15,6726086,160727,0
2023-01-16,6726311,160739,0
2023-01-17,6726668,160746,0
2023-01-18,6727007,160756,0
2023-01-19,6727317,160764,0
2023-01-20,6727609,160772,0
2023-01-21,6727847,160777,0
2023-01-22,6728065,160781,0
2023-01-23,6728184,160788,0
2023-01-24,6728402,160793,0
2023-01-25,6728676,160795,0
2023-01-26,6728998,160799,0
2023-01-27,6729209,160801,0
2023-01-28,6729408,160802,0
2023-01-29,6729573,160803,0
2023-01-30,6729756,160810,0
2023-01-31,6730016,160814,0
2023-02-01,6730289,160817,0
2023-02-02,6730537,160822,0
2023-02-03,6730778,160826,0
2023-02-04,6730964,160831,0
2023-02-05,6731135,160832,0
2023-02-06,6731304,160838,0
2023-02-07,6731696,160847,0
2023-02-08,6731959,160852,0
2023-02-09,6732179,160855,0
2023-02-10,6732418,160858,0
2023-02-11,6732618,160860,0
2023-02-12,6732799,160864,0
2023-02-13,6732968,160870,0
2023-02-14,6733215,160873,0
2023-02-15,6733478,160878,0
2023-02-16,6733697,160880,0
2023-02-17,6733912,160884,0
2023-02-18,6734102,160884,0
2023-02-19,6734215,160886,0
2023-02-20,6734334,160888,0
2023-02-21,6734606,160892,0
2023-02-22,6734818,160894,0
2023-02-23,6735033,160897,0
2023-02-24,6735269,160902,0
2023-02-25,6735451,160905,0
2023-02-26,6735628,160908,0
2023-02-27,6735780,160911,0
2023-02-28,6736046,160914,0
2023-03-01,6736298,160916,0
2023-03-02,6736576,160920,0
2023-03-03,6736787,160925,0
2023-03-04,6736994,160928,0
2023-03-05,6737159,160930,0
2023-03-06,6737303,160932,0
2023-03-07,6737606,160934,0
2023-03-08,6737918,160937,0
2023-03-09,6738225,160941,0
